customer_id,first_name,last_name,email,country,city,signup_date
1,David,Guerrero,whitebrian@example.com,Italy,Loweport,2025-03-20
2,Charles,Tanner,williamgreer@example.net,South Africa,Rebeccaton,2026-05-08
3,Tina,Green,wjenkins@example.com,Cyprus,Port Anthonyfurt,2025-04-08
4,Frank,Russo,erica39@example.org,Heard Island and McDonald Islands,Kylemouth,2025-08-04
5,Brandon,Wilson,joemoore@example.org,Faroe Islands,Lake Melissa,2026-03-12
6,Shari,Campbell,victoriaramirez@example.net,Malawi,Harristown,2025-12-04
7,Francisco,Fowler,nichole49@example.net,Monaco,Port Donald,2026-01-08
8,Samantha,Vega,shawn28@example.org,Uganda,Elizabethside,2026-01-02
9,Tiffany,Jones,melissa16@example.net,New Caledonia,Kevinchester,2024-09-10
10,Sarah,Tran,umorales@example.org,French Polynesia,Bakerville,2026-01-02
11,Nicholas,King,nochoa@example.org,Suriname,Brownside,2025-08-04
12,Sarah,Walsh,james69@example.org,New Caledonia,Justinchester,2026-04-20
13,Angelica,Alvarez,william40@example.com,Mali,Delgadochester,2024-09-02
14,Edward,Henry,philipruiz@example.org,Saint Vincent and the Grenadines,New Timothymouth,2024-12-05
15,Sarah,Gross,hclark@example.net,Canada,Smithport,2025-03-19
16,Elizabeth,Sims,chapmancory@example.org,Nauru,Port Lisaville,2024-09-18
17,Robert,Smith,carol42@example.net,French Southern Territories,Joeborough,2024-07-20
18,Kelly,Baker,melissa38@example.org,Norfolk Island,Ginahaven,2025-10-06
19,Julie,Baker,johnbell@example.com,Saint Pierre and Miquelon,Saratown,2026-04-06
20,Stephanie,Patton,jlindsey@example.net,Indonesia,Lake Heidi,2025-12-27
21,Robert,Coleman,morrischristopher@example.net,Equatorial Guinea,Thomastown,2025-03-13
22,Omar,Stevens,henryhall@example.com,French Polynesia,Deleonview,2026-02-24
23,Keith,Bell,thompsonkelly@example.com,Syrian Arab Republic,Jonesfort,2026-04-19
24,Elizabeth,Melton,lisazuniga@example.com,Cape Verde,East Michele,2025-09-29
25,Todd,Jones,parsonsjuan@example.com,Bhutan,Lake Lisaland,2025-05-16
26,Alexandra,Adams,ginacollins@example.com,Sri Lanka,East Alexis,2025-10-12
27,Evan,Haley,bduarte@example.org,Central African Republic,Port Samantha,2025-11-19
28,Nicole,Waller,jenniferhill@example.net,Fiji,North Jeannemouth,2024-09-24
29,Shannon,Chaney,swatson@example.net,Gambia,West Michaelborough,2025-04-15
30,Mark,Wells,emilysimmons@example.net,British Virgin Islands,East Jessica,2025-07-12
31,William,Flores,holly04@example.com,Saint Helena,Port Ariel,2026-04-29
32,Jon,Gonzales,pattonkimberly@example.com,Mozambique,Thompsonmouth,2024-10-13
33,Dylan,Sutton,brandon90@example.org,Saudi Arabia,East Yolandaport,2024-07-04
34,Katie,Owens,victortaylor@example.org,Bermuda,New David,2025-08-26
35,Patrick,Williams,ileach@example.org,Marshall Islands,New Sherri,2024-11-25
36,Tiffany,Stanton,schultzbrooke@example.com,New Zealand,Heatherburgh,2026-04-28
37,Craig,Miranda,james38@example.com,Algeria,Port Lonnie,2025-10-28
38,John,Maxwell,morrisrebecca@example.net,Myanmar,Grahamborough,2025-03-01
39,Jenna,Patton,david15@example.org,Japan,Gilmoretown,2025-12-04
40,Samantha,Schmidt,arodriguez@example.org,Ecuador,Crystalside,2026-05-02
41,Scott,Wilson,timothy15@example.org,Zimbabwe,Hallchester,2026-06-05
42,Debra,Michael,mlewis@example.org,Kenya,Mooreberg,2026-06-28
43,Robert,Campbell,wayne03@example.com,Algeria,Stephanieview,2025-02-08
44,Antonio,Schroeder,osbornejeremiah@example.org,Canada,Melissaburgh,2025-01-23
45,Kenneth,Jones,patriciawalter@example.net,British Virgin Islands,North Stephen,2024-09-05
46,Melanie,Brooks,jacqueline21@example.com,Argentina,West Susanland,2024-07-05
47,Lisa,Ortega,arussell@example.net,Nauru,East Renee,2025-08-26
48,Tammy,Burns,joshuagonzales@example.com,Liberia,West Josephstad,2025-08-05
49,Oscar,Gibbs,debra60@example.com,Botswana,North Aaron,2024-10-07
50,Madison,Garner,bonniejones@example.org,Peru,Lake Angelaberg,2024-10-23
51,Jose,Page,hayeskayla@example.com,Falkland Islands (Malvinas),East Zachary,2025-08-17
52,Barbara,Yang,irwinamy@example.net,Dominica,Davisshire,2025-05-24
53,Sarah,Taylor,posborne@example.org,Iraq,Hullshire,2024-06-30
54,Steven,Miller,larry26@example.net,Faroe Islands,North Darinside,2025-04-17
55,Julie,Maxwell,eileenflowers@example.com,North Macedonia,Burnsside,2025-12-05
56,Susan,Day,robert13@example.net,Andorra,Glenstad,2024-10-04
57,Nicole,Walker,kenneth59@example.net,Peru,West Oliviaside,2024-10-07
58,Kimberly,Lopez,ramirezsarah@example.net,Timor-Leste,North Jasonshire,2026-02-27
59,Sara,Hoffman,nicolepeterson@example.com,Slovakia (Slovak Republic),South Edward,2026-01-20
60,Nichole,Johnson,morrisregina@example.com,Burkina Faso,Jameshaven,2024-08-26
61,Amber,Morales,arthur02@example.org,Saudi Arabia,South Williamfort,2024-12-24
62,Francisco,Larson,fhall@example.net,Micronesia,West Richard,2026-06-21
63,Mark,Johnson,brian79@example.net,Honduras,Courtneyville,2025-03-27
64,Rebecca,Stone,kimberly96@example.net,Myanmar,Steeleberg,2025-05-29
65,Samuel,Hall,howardlance@example.net,Yemen,Shawnhaven,2026-01-12
66,Jamie,Austin,taylorrosales@example.net,Kiribati,Wallaceburgh,2024-10-14
67,Matthew,Pollard,thomashodge@example.org,Mauritius,North Kimfort,2026-01-19
68,Krystal,Adams,greg15@example.com,Macao,Port Barbaraborough,2024-07-24
69,Angela,Carroll,martinwheeler@example.com,Netherlands Antilles,Lake Christine,2026-03-12
70,Douglas,Wilson,davisamy@example.org,Nigeria,East Julie,2025-03-16
71,Glenn,Gomez,rebecca33@example.net,Korea,Maryland,2026-04-04
72,Jim,Ward,wileyanne@example.org,Mexico,Charlottetown,2026-05-04
73,Joanne,Roth,martinezvanessa@example.org,United States of America,Harrellfurt,2024-11-01
74,Melissa,Singleton,andrewharris@example.net,Belarus,New Jacquelineborough,2025-04-20
75,Karen,Richardson,claytonmark@example.net,Swaziland,New David,2025-09-17
76,Lisa,Johnson,deanmorgan@example.org,Cayman Islands,Lake Shelleyborough,2024-09-22
77,Charles,Hall,dianeclark@example.net,France,Coxside,2025-11-13
78,Tina,Owens,jarvisjonathan@example.net,Comoros,Mooreberg,2024-07-07
79,Matthew,Schwartz,reidjose@example.com,Egypt,Lewistown,2025-11-18
80,Jennifer,Brown,wardbryan@example.net,Benin,West Margaretview,2024-07-17
81,Kristin,Burns,whitemichelle@example.com,Korea,Scottborough,2025-12-22
82,Rachel,Miller,jamesmorris@example.org,Mexico,Joseside,2024-09-13
83,Michael,Bush,pauledwards@example.org,Armenia,Thomasburgh,2024-12-15
84,Zachary,Rodriguez,hollyhart@example.com,Liechtenstein,Brookehaven,2024-07-08
85,Anne,Anderson,courtneyrice@example.org,United States Virgin Islands,Daniellebury,2025-04-15
86,Carla,Mcdowell,joshuahoffman@example.org,Kazakhstan,New Thomasfurt,2026-06-09
87,Elizabeth,Hubbard,hmiller@example.net,Hong Kong,Hendricksside,2025-07-29
88,Aaron,Green,amy62@example.org,Svalbard & Jan Mayen Islands,West Toddview,2026-03-12
89,Todd,Lee,kelly97@example.org,Tunisia,South Garytown,2026-03-07
90,Scott,Christensen,kennethbutler@example.net,Burundi,East Peterview,2025-01-11
91,Melissa,Williams,pgrimes@example.com,Benin,Blakeville,2024-07-05
92,Kelly,York,crosbymatthew@example.org,Serbia,Jamesbury,2024-07-01
93,Christine,Garcia,xwhite@example.net,Gibraltar,Allisonchester,2024-09-23
94,Juan,Kirby,rreynolds@example.com,Togo,West Kimberly,2025-03-26
95,Joseph,Berger,mmaxwell@example.com,Morocco,Jamesbury,2024-10-20
96,Sophia,Bass,william26@example.com,Trinidad and Tobago,Jamesmouth,2025-09-23
97,Thomas,George,sandersmark@example.com,Honduras,Hurleyburgh,2026-02-20
98,Robert,Burke,avasquez@example.org,Paraguay,Darrylhaven,2025-12-28
99,Jennifer,Morales,hardinkeith@example.org,Bahamas,East Nicole,2025-11-10
100,Richard,Oliver,grayelizabeth@example.com,Brunei Darussalam,Sherrimouth,2025-10-12
101,Nathan,Dominguez,burchjeffrey@example.org,Montenegro,Christopherbury,2025-06-07
102,John,Rangel,jrollins@example.com,Gambia,North Jennafort,2024-09-05
103,Robert,Ward,jeffrey06@example.net,Azerbaijan,Colemanland,2026-03-03
104,Melissa,Larson,dbarton@example.com,El Salvador,Port Brandon,2025-05-24
105,Lisa,Willis,elliswilliam@example.org,Kyrgyz Republic,Frosttown,2025-02-23
106,Andrea,Day,thuffman@example.org,Ecuador,Port Jacob,2025-07-27
107,Anthony,Butler,vturner@example.net,Seychelles,Mathewmouth,2025-08-22
108,Julia,Parks,calderonphillip@example.net,Papua New Guinea,Gloriamouth,2025-12-12
109,Steven,Guerrero,navarrorobert@example.net,Korea,Port Taylor,2025-08-05
110,Aaron,Yates,stephaniewhite@example.org,Puerto Rico,Port Amymouth,2024-06-28
111,Ryan,Kelley,gmurray@example.com,Zimbabwe,South Annaborough,2024-10-13
112,Jennifer,Bartlett,koliver@example.org,Chad,Ryanside,2024-09-21
113,Bryan,Parker,diazkyle@example.org,Anguilla,Duranburgh,2024-10-30
114,Emma,Mason,dhubbard@example.com,El Salvador,Hernandeztown,2025-04-05
115,Nicholas,Wolfe,cannonjulie@example.com,Bahrain,Murrayborough,2024-12-13
116,Erika,Johnson,vwalker@example.com,Germany,Adamport,2026-06-06
117,Bryce,Lewis,kristin07@example.org,Vietnam,East Lindsey,2025-06-11
118,Richard,Vega,robbinsstefanie@example.org,Saint Kitts and Nevis,Oliverland,2024-10-04
119,Tracey,Collins,erika96@example.net,Thailand,Bethborough,2025-07-23
120,Paul,Hunt,mjones@example.org,Haiti,New Alexanderton,2025-11-06
121,Gary,Brown,monicaperry@example.net,Aruba,Gonzalestown,2025-07-18
122,David,Brooks,tamara25@example.com,Togo,Cortezfurt,2025-01-15
123,Virginia,Mendoza,seth40@example.org,Paraguay,Harriston,2025-10-26
124,Tara,Hensley,stevenhughes@example.net,Cameroon,East Roberttown,2024-10-10
125,Amanda,Hernandez,traviswashington@example.net,Bouvet Island (Bouvetoya),East Erin,2024-09-29
126,Alison,Collins,rosssamuel@example.org,Papua New Guinea,Stewartville,2025-09-21
127,Nicole,Jones,opowell@example.net,Sudan,Kingfurt,2024-07-15
128,Donna,Stevens,charles45@example.com,Senegal,Port Kevin,2024-07-05
129,Darren,Lewis,mdixon@example.com,Paraguay,East Tiffanyburgh,2025-11-09
130,Michael,Carrillo,sandersdanielle@example.net,Argentina,Mitchelltown,2025-06-01
131,Jacob,Walker,xdavis@example.org,Swaziland,Port Cody,2025-08-04
132,Aaron,Vance,troy23@example.org,Malta,Port Cindy,2025-12-13
133,Wendy,Booth,breed@example.org,Maldives,Port Raymond,2025-06-24
134,Jason,Ross,simpsonwilliam@example.org,Dominican Republic,West Eric,2025-01-23
135,Katie,Roberts,summerrodriguez@example.com,American Samoa,North Jimmy,2026-03-01
136,Alec,Wells,cooperdavid@example.net,Lao People's Democratic Republic,North Daniel,2025-09-05
137,Sherry,Clark,erinellis@example.com,Estonia,Johnfort,2026-03-08
138,Ashley,Osborne,walljay@example.org,Portugal,Karenville,2026-02-08
139,Christian,Patton,gilmoreantonio@example.com,Madagascar,North Melissa,2025-12-12
140,Andrew,Stewart,contrerasjon@example.net,Vietnam,East Eric,2024-12-25
141,Lindsay,Robinson,crystal67@example.org,Hong Kong,Port Leonardview,2026-04-25
142,Sabrina,Pace,carolinehurst@example.org,India,Farleyburgh,2026-06-24
143,Frank,Gonzalez,greerelizabeth@example.org,Dominican Republic,North Deniseburgh,2024-12-05
144,Stephanie,Todd,ireynolds@example.net,Taiwan,Robertfurt,2025-02-22
145,Lynn,King,jamesfoster@example.net,Cayman Islands,Erikamouth,2025-01-13
146,Leslie,Haley,hoodantonio@example.net,Austria,Martinezberg,2024-08-05
147,Danny,Harris,valencialisa@example.org,Georgia,Port William,2025-10-26
148,Kristin,Thomas,johnsonalexander@example.com,Serbia,Blakemouth,2024-11-03
149,Hunter,Juarez,ylopez@example.com,Palau,East Mitchellfort,2025-12-21
150,Diane,Andrews,nancy33@example.com,Finland,Manningmouth,2024-07-10
151,James,Cooke,thompsondaniel@example.com,Benin,Cindyborough,2025-09-24
152,Michelle,Juarez,michaeldavis@example.net,Norfolk Island,West Stephen,2025-05-30
153,Glen,Benson,brownemily@example.com,Latvia,Michellemouth,2025-05-31
154,Michael,King,robertsonjermaine@example.com,Seychelles,Kristenland,2025-01-15
155,Rhonda,Wright,lynn29@example.org,Ghana,Rodriguezview,2025-12-30
156,Anthony,Walls,sarahalvarez@example.com,United Arab Emirates,Hallland,2024-07-09
157,Joseph,Andersen,mriley@example.net,North Macedonia,Crystalchester,2024-06-30
158,Angela,Howard,richard89@example.net,Thailand,Johnport,2025-02-23
159,Elizabeth,Hernandez,sean51@example.org,Cuba,East Melanietown,2025-02-15
160,Zachary,Russell,moconnor@example.org,Tonga,Howellmouth,2024-07-24
161,Marilyn,Allen,josephdennis@example.com,Dominica,Andrewshire,2025-03-10
162,Ryan,Walker,kingraymond@example.org,Cape Verde,Carolburgh,2026-03-06
163,Kenneth,Stark,timothywallace@example.com,Norway,South Nancyfurt,2025-09-03
164,Kayla,Foster,jacksonrobert@example.com,Fiji,Obrienstad,2025-06-20
165,George,Garcia,wharrell@example.com,Colombia,Stewartside,2025-12-22
166,James,Orr,sean76@example.net,Kiribati,Harrismouth,2025-02-13
167,Christine,Foster,parkstammy@example.net,Antarctica (the territory South of 60 deg S),West Christophertown,2025-05-17
168,Christopher,King,dwyatt@example.org,Cyprus,Lake Bernardtown,2025-03-18
169,Patricia,Hood,reidjonathan@example.org,Zambia,Amandaberg,2025-08-17
170,Amanda,Stevens,april33@example.net,Netherlands Antilles,South Donna,2025-02-19
171,Nicole,Williams,brucedeborah@example.net,Bangladesh,Wilsonmouth,2025-08-12
172,Suzanne,Campbell,gwolf@example.net,Iran,Jenniferbury,2024-09-10
173,Daniel,Jones,erica04@example.net,Madagascar,Port Lisa,2024-12-04
174,Jesus,Rodriguez,timothywatson@example.com,Palestinian Territory,Davisstad,2024-11-02
175,Allen,Harris,carolcampos@example.com,Vanuatu,North Feliciashire,2025-05-07
176,Dennis,Phillips,joanntaylor@example.com,Brazil,South Kathryn,2024-09-25
177,Mark,Martin,lowejohn@example.com,Kiribati,Timothystad,2024-08-13
178,Clifford,Andrade,mary72@example.com,Netherlands Antilles,North Kathyburgh,2025-11-09
179,Steven,Johnson,watsonjames@example.com,Uzbekistan,Rachelton,2026-01-11
180,Gary,Larsen,urodriguez@example.com,Tokelau,Kathleenborough,2025-08-09
181,Stephen,Davis,sharon18@example.com,Mauritania,Georgestad,2024-10-12
182,Daniel,Hart,gjones@example.com,Guinea,North Christineburgh,2026-04-20
183,William,Sanchez,andrewmills@example.com,Malta,Port Ronald,2025-10-18
184,Amanda,Olsen,halljames@example.com,Cameroon,Garciashire,2026-01-13
185,Mary,Hoffman,garyortiz@example.com,Palau,Frederickmouth,2025-03-25
186,Richard,Montgomery,jrobertson@example.com,Cuba,West Allen,2026-05-14
187,Keith,Lopez,dawnjennings@example.com,New Zealand,West Kevin,2025-05-17
188,Andrew,Reynolds,xclark@example.net,Korea,Brownmouth,2025-08-04
189,Kyle,Bush,hugheschristine@example.com,Timor-Leste,Lake Julie,2026-03-22
190,Tina,Lee,pattontonya@example.org,Guadeloupe,South Gregoryville,2025-05-07
191,George,Hunt,samuelrussell@example.net,Swaziland,South Mariaport,2026-01-29
192,Todd,Gilbert,gregoryarmstrong@example.org,Kuwait,Stephanieville,2026-02-22
193,Victor,Johnson,klinekayla@example.net,Cambodia,Lopezstad,2025-01-21
194,Luis,Baker,kross@example.org,United States of America,West Marvin,2026-01-23
195,Victor,Olson,xpham@example.net,Samoa,West Daniel,2025-12-13
196,Logan,Hunt,nwelch@example.com,Belize,East Davidfort,2025-01-24
197,Maria,Schwartz,mathewsedward@example.net,Northern Mariana Islands,Keithmouth,2025-03-04
198,Heather,Patrick,briancervantes@example.org,Ireland,Mcgeefort,2025-04-14
199,David,Hull,hdennis@example.net,Gambia,Port Gabriellehaven,2025-01-28
200,Felicia,Mcmillan,heather54@example.net,Senegal,Codyfurt,2024-10-07
201,Dwayne,Acosta,trevorkramer@example.org,Jordan,North Robertstad,2024-10-26
202,Donald,Hughes,figueroarobert@example.net,Cape Verde,Mccarthyfurt,2024-10-08
203,Jorge,Baker,shorton@example.org,Kazakhstan,Charlesville,2024-07-17
204,John,Stevens,mark35@example.com,Poland,Katelynville,2024-10-05
205,Alyssa,Goodman,idickerson@example.org,Mayotte,Lake Carol,2026-05-03
206,Vincent,Ritter,dnguyen@example.com,Moldova,Meganbury,2025-07-04
207,Ryan,Scott,williamskimberly@example.com,Hong Kong,Reevesmouth,2024-07-02
208,Beverly,Medina,abigail52@example.com,Canada,Lake Rebeccaville,2025-11-18
209,Daniel,Hart,tinabates@example.org,Seychelles,South Darius,2026-04-21
210,David,Turner,ryanjose@example.com,Singapore,Walkerchester,2025-02-22
211,Nathaniel,Daugherty,yjackson@example.net,Tajikistan,North Jessicahaven,2024-12-01
212,Stephen,Davis,james81@example.org,Italy,North Patrickshire,2026-02-01
213,Norman,Johnson,pcruz@example.org,Brunei Darussalam,Padillaborough,2025-02-22
214,Jeffrey,Collins,brookssandra@example.net,Cambodia,Martintown,2026-04-09
215,Alicia,Quinn,douglas80@example.org,Cook Islands,New Mariashire,2025-08-27
216,David,Taylor,justin60@example.net,Thailand,Davidtown,2024-08-10
217,Tina,Clements,melissarandall@example.net,Belgium,Michellehaven,2025-07-12
218,Miranda,Brennan,joneserin@example.org,Denmark,Kevinton,2024-12-05
219,Marie,Miller,emilyward@example.org,Greece,New Laurabury,2025-08-03
220,Kathy,Thomas,brownelizabeth@example.org,Tunisia,Jesseborough,2025-12-18
221,Kimberly,Compton,robert60@example.com,Hong Kong,Port Erikchester,2025-08-14
222,George,James,nchavez@example.com,Zambia,New Hannahborough,2025-07-31
223,Richard,Nelson,idavis@example.org,Vietnam,New Mariahaven,2025-03-09
224,Brian,Moody,ericajones@example.org,Moldova,Paulhaven,2025-03-09
225,Ryan,Brown,shannonjackson@example.com,Libyan Arab Jamahiriya,Johnton,2025-05-05
226,Richard,Garcia,elizabeth02@example.com,Cyprus,East Steven,2025-10-18
227,Carmen,Rogers,jessicabowen@example.org,Cameroon,East Allenfort,2025-09-15
228,Steven,Levy,christopher76@example.org,Nicaragua,Breannahaven,2026-01-06
229,John,Wilson,heatherjennings@example.org,Latvia,West Victoria,2026-06-16
230,Ann,Ray,tanner38@example.com,Uzbekistan,Beckside,2025-09-19
231,Laura,Hall,perezchristopher@example.org,Poland,Campbellfurt,2024-07-14
232,Alison,Richmond,tiffany98@example.com,Uruguay,North Meganville,2025-10-22
233,Jennifer,Sharp,robert23@example.org,Saint Kitts and Nevis,Mcdonaldberg,2025-10-12
234,Amanda,Garza,melaniestanley@example.net,Rwanda,Lake Rachelchester,2024-12-08
235,Carol,Carlson,michaelmccormick@example.com,Cote d'Ivoire,Tylerburgh,2025-08-10
236,Megan,Bates,lwilliams@example.net,Azerbaijan,Hoopermouth,2025-02-27
237,Tracy,Morris,ramseyshannon@example.org,Paraguay,Port Hunterborough,2026-02-09
238,Elizabeth,Taylor,zflores@example.org,Iran,Karlstad,2024-12-22
239,Courtney,Garcia,derek91@example.net,Wallis and Futuna,East Kathryn,2025-06-14
240,Matthew,Anderson,amymartin@example.net,Trinidad and Tobago,West Adamfort,2026-05-04
241,Sean,Warren,cnelson@example.net,Egypt,East Christopherview,2025-02-19
242,Brenda,Roberts,lweiss@example.com,Malta,Jeffreyview,2024-12-25
243,Mike,Brewer,rodriguezjustin@example.org,Namibia,Lake Benjaminfurt,2026-01-16
244,Linda,Campbell,romantimothy@example.com,Norfolk Island,South William,2025-08-03
245,James,Torres,dannywashington@example.net,Turks and Caicos Islands,East Marissa,2025-09-26
246,Dustin,Reynolds,charles91@example.com,Canada,Aaronside,2025-05-31
247,David,Brown,wpeterson@example.net,Samoa,Davidtown,2025-10-04
248,Monique,Robinson,john30@example.com,Ecuador,Allenchester,2025-03-04
249,Douglas,Walker,dford@example.net,Pitcairn Islands,Gardnerbury,2025-11-11
250,Tony,Ferguson,wrogers@example.org,Sao Tome and Principe,South Allison,2025-12-29
251,Debra,Lawson,josephwilson@example.net,Turkey,East Andrew,2025-12-12
252,Kimberly,Cohen,davisglenda@example.net,Zambia,Port Margaret,2024-09-20
253,Tiffany,Hurley,williamking@example.net,Mayotte,Reginaldburgh,2025-06-12
254,Shelley,Gray,courtney36@example.org,Puerto Rico,Dianeshire,2026-04-27
255,Leah,Porter,schwartzjoseph@example.net,Cocos (Keeling) Islands,South Joe,2025-08-20
256,Troy,Burnett,zlawrence@example.com,Egypt,Port Kevin,2024-10-30
257,Steve,Morrow,christopher89@example.com,Egypt,Cookville,2024-07-11
258,Melissa,Rodriguez,wayne51@example.net,Cambodia,Martinmouth,2024-07-03
259,Amanda,Dean,tracy44@example.com,Hong Kong,Michelleville,2026-01-23
260,Andrew,Jones,oerickson@example.net,Zimbabwe,Hollyfort,2026-01-20
261,Michael,Owens,tracyharris@example.net,Qatar,North Markmouth,2025-09-26
262,Emily,Kirby,carlabell@example.com,Lesotho,Jasonberg,2024-12-31
263,Scott,Lucas,edward45@example.net,Guinea,Josestad,2026-04-28
264,Sarah,Cruz,christopherhenry@example.org,Reunion,Garciaville,2026-01-04
265,Joshua,Zimmerman,lisarodriguez@example.com,Chad,South Lauren,2025-06-06
266,Christopher,Larsen,flawrence@example.net,French Polynesia,North Josephchester,2024-07-17
267,Daniel,Wallace,brendaporter@example.com,Greece,Murphychester,2025-11-21
268,Christopher,James,njackson@example.net,Costa Rica,East Calebtown,2025-01-10
269,Susan,Shepard,chambersbrenda@example.net,Cambodia,Lake Coreyview,2025-07-04
270,Brianna,Bradley,fturner@example.com,Lithuania,Ferrellshire,2025-05-21
271,Jessica,Boyd,perkinssamantha@example.com,Puerto Rico,West Ryan,2024-07-29
272,Erica,Booth,kerrwilliam@example.net,Saint Vincent and the Grenadines,Amandafort,2025-01-08
273,David,Barron,lee17@example.org,Congo,West Jacobville,2025-10-21
274,Shannon,Pham,ralph06@example.com,Botswana,Kimberlychester,2025-09-03
275,Angela,Gallegos,donnapage@example.org,French Southern Territories,Gordonview,2026-01-14
276,Jamie,Klein,christopherperez@example.org,Tuvalu,East Michelle,2025-04-15
277,Jennifer,Dennis,vdodson@example.org,Turks and Caicos Islands,New Kathleen,2025-12-10
278,Christine,Rogers,justinclarke@example.org,Saint Helena,West Joshuashire,2025-12-30
279,Lindsey,Wright,langmichelle@example.org,El Salvador,Mayview,2026-05-06
280,Eric,Robertson,smithryan@example.org,Brazil,Lake Tiffanyside,2025-10-01
281,Adriana,Price,simpsonronald@example.org,Palau,Brooksside,2026-05-04
282,Rachel,Yates,patricia71@example.com,Saudi Arabia,Jessicashire,2025-04-24
283,David,Roberts,hernandezmichelle@example.net,Svalbard & Jan Mayen Islands,Lake Yvetteburgh,2024-10-26
284,Raymond,Peck,bhobbs@example.com,Slovakia (Slovak Republic),North Staceyview,2025-01-08
285,Antonio,Thompson,rodgerskristin@example.com,Vietnam,Laurafort,2025-02-21
286,Randy,Benson,wgonzalez@example.com,Aruba,Scotttown,2024-12-15
287,Richard,Roman,haileyjoseph@example.net,Georgia,Port Justin,2025-06-21
288,David,Franklin,jonesjoanna@example.net,Bulgaria,Garciaside,2026-03-27
289,Linda,Lucero,shawgina@example.net,Liberia,Sextonburgh,2025-05-03
290,Sabrina,Gonzalez,xfox@example.com,Comoros,Jameston,2025-06-08
291,Brenda,Bell,alandavis@example.com,Tunisia,South Brent,2025-09-20
292,Danny,Davidson,jhouse@example.net,Jamaica,Deckerhaven,2025-05-28
293,David,Johnson,jaredholmes@example.com,Armenia,West Stephanieburgh,2026-05-23
294,Daniel,Castillo,williamallison@example.com,Chile,Daniellehaven,2025-09-08
295,Danielle,Holland,hsmith@example.net,Moldova,East Paulmouth,2026-01-27
296,Hector,Beltran,abrown@example.com,French Guiana,North Ryanfurt,2024-11-21
297,Stephen,Phillips,ochan@example.org,Paraguay,East Justin,2024-12-29
298,Dakota,Sanchez,rachelbishop@example.com,Peru,Vegaport,2025-06-11
299,Melissa,Moore,ruizjohn@example.org,Sri Lanka,Kevinchester,2026-06-05
300,Sabrina,Taylor,amanda34@example.com,Bulgaria,East Christopher,2025-06-22
301,Elizabeth,Weeks,khanandrew@example.net,Saint Pierre and Miquelon,Port Hannahstad,2024-12-03
302,Victor,Mitchell,johnsonronald@example.com,Mauritania,Port Steven,2025-05-02
303,Barbara,Rogers,ograham@example.com,New Zealand,Crystalfurt,2025-06-05
304,Rose,Hampton,nfarmer@example.net,Djibouti,New Hannah,2025-04-13
305,Brenda,Romero,tammyjones@example.com,France,North Allison,2026-02-09
306,Ashley,Hood,richard71@example.org,Lao People's Democratic Republic,South Judyville,2024-12-22
307,David,Howe,ngordon@example.org,Cocos (Keeling) Islands,East Cody,2026-03-18
308,Emily,Carlson,nperez@example.net,Algeria,Port Emilyland,2024-12-15
309,Mary,Gibson,rebeccatucker@example.net,Botswana,Hornfort,2025-08-09
310,Brittney,Martin,joshua03@example.net,Myanmar,Delacruzville,2026-02-25
311,Cynthia,Taylor,michele09@example.net,Sierra Leone,Coxside,2025-06-27
312,Natasha,Reyes,kelli66@example.org,Bahamas,Brooksview,2025-01-08
313,Calvin,Jenkins,hooveranthony@example.org,Egypt,Port Elizabethmouth,2025-01-03
314,Troy,Mcbride,mcleancharles@example.org,Palau,North Darlene,2025-02-22
315,Denise,Lopez,theodore56@example.net,Zambia,North Saramouth,2025-12-17
316,Joshua,Murphy,jeanroberts@example.com,Somalia,Zimmermanview,2024-12-26
317,Derrick,Fox,tammy58@example.net,Saint Vincent and the Grenadines,Huntshire,2025-06-24
318,Amy,Villarreal,xcarlson@example.org,Netherlands Antilles,New Gregorystad,2025-06-13
319,Diana,Flynn,brownjennifer@example.net,Holy See (Vatican City State),Port Morganberg,2024-10-07
320,Anna,Ellis,scott12@example.com,Seychelles,North Jasmine,2025-12-16
321,Christy,Flores,paulburns@example.org,South Georgia and the South Sandwich Islands,Port Katherine,2026-02-11
322,Christopher,Miranda,mcmillanstephanie@example.org,Slovakia (Slovak Republic),Curtischester,2025-12-14
323,Shelby,Gonzales,adrienneevans@example.com,Seychelles,West Jennifer,2026-01-07
324,Leah,Todd,ralphcarpenter@example.net,Cote d'Ivoire,Wrightport,2025-04-14
325,George,Keller,harrislinda@example.com,Saint Kitts and Nevis,Smithhaven,2024-08-13
326,Peter,Harrell,wpeterson@example.net,Thailand,Lake Carolyn,2025-05-02
327,James,Miller,connor03@example.com,Comoros,Chanfurt,2025-05-06
328,Heather,Dennis,matthewsamy@example.org,Guam,Carterbury,2024-10-03
329,Chad,Lamb,michaelcalderon@example.net,Myanmar,Reginaldchester,2026-05-07
330,Crystal,Velasquez,sanchezzachary@example.net,Slovenia,North Jenniferview,2025-04-25
331,Juan,Ali,pacemisty@example.org,Antarctica (the territory South of 60 deg S),Hughesborough,2025-11-30
332,Julie,Williams,benjaminmyers@example.org,Togo,Davidstad,2024-10-28
333,Nathan,Rocha,robertmartinez@example.com,Slovakia (Slovak Republic),Jacobmouth,2025-09-08
334,Andrea,Underwood,ericgarcia@example.net,Sao Tome and Principe,Lake Katherine,2025-10-10
335,Gregory,Hall,martinteresa@example.com,Barbados,North Kaitlinhaven,2025-07-06
336,Garrett,Randall,davidcampbell@example.net,Brunei Darussalam,Reneeland,2025-09-21
337,Brittany,Daniels,colleensimmons@example.com,Bermuda,East Elizabethberg,2026-01-21
338,Aaron,Oliver,juarezpatrick@example.com,Greece,Patrickmouth,2026-01-29
339,Thomas,Jimenez,jeremy49@example.com,Swaziland,Jamesborough,2026-05-26
340,Brian,Frye,alexanderhenderson@example.com,Papua New Guinea,Richardsonport,2024-10-07
341,Carla,Gibson,xmorris@example.net,Bosnia and Herzegovina,Reedfort,2024-10-20
342,Laura,Miller,isantiago@example.com,Turkmenistan,West James,2024-10-11
343,Cynthia,Hernandez,emilyturner@example.org,Congo,West Elizabethchester,2025-08-19
344,Dakota,Koch,caroljordan@example.net,Equatorial Guinea,West Kimberlyville,2025-04-24
345,Amanda,Mccormick,lisa25@example.com,Morocco,East Douglas,2026-04-24
346,Joseph,Jackson,nathan22@example.com,New Zealand,New Paulview,2026-05-25
347,Peter,Ruiz,diana42@example.net,Denmark,Cabreraville,2026-05-08
348,Alan,Farmer,bjones@example.org,France,Schroederville,2024-09-26
349,Heather,Alvarado,rthomas@example.net,Haiti,Wheelerberg,2026-02-28
350,Leah,Curry,caitlinfernandez@example.net,Mauritius,South Samuelbury,2024-12-08
351,Kevin,Hernandez,jordantammy@example.net,Belgium,Port Brianna,2026-01-30
352,Vicki,Mcguire,rmercer@example.com,Trinidad and Tobago,West Cameronborough,2025-05-06
353,Edward,Hill,smorrow@example.net,Sri Lanka,New Lauren,2024-08-16
354,Christina,Myers,carlramsey@example.org,Mauritius,Peterstown,2026-02-25
355,Christopher,Garcia,hernandezmatthew@example.net,Kyrgyz Republic,New Williamhaven,2025-02-22
356,Julie,Heath,tjohnson@example.net,United Arab Emirates,Port Tammy,2025-03-30
357,Kimberly,Powell,youngstephen@example.org,Turkmenistan,Weissville,2024-10-04
358,Patrick,Holland,bettymyers@example.net,New Zealand,Boydchester,2025-04-07
359,Robert,Morales,gabrielle70@example.net,Canada,Port Andrew,2025-05-13
360,William,Chavez,casey33@example.com,Macao,Lake Kellyshire,2024-07-19
361,Adam,Perry,rschultz@example.com,Georgia,Dorothymouth,2025-12-01
362,Shelby,Young,david04@example.org,Greenland,Port Susan,2024-12-09
363,Amy,Wilson,john40@example.org,Morocco,East Daniel,2025-10-25
364,Lisa,Bradley,marie99@example.com,Martinique,West Virginia,2025-09-09
365,Jessica,Howell,klambert@example.net,Niger,Brianchester,2024-10-09
366,Jeffery,Montgomery,moodyronald@example.org,United Arab Emirates,Lake Brandontown,2025-10-26
367,Kenneth,Henderson,edwardssandra@example.net,Ireland,North Jodi,2025-01-23
368,Cameron,Willis,carolinereynolds@example.net,Kuwait,Katrinaland,2024-09-05
369,Stacey,Gomez,karenlogan@example.net,Israel,New Brianport,2025-12-22
370,Angel,Roberts,kristina25@example.net,American Samoa,Kennedyhaven,2026-02-02
371,Angela,Munoz,rodriguezbrenda@example.net,Bangladesh,West Daniel,2025-12-10
372,Ryan,Newton,mcmahonkristine@example.org,Solomon Islands,Youngfort,2024-08-31
373,Robin,Banks,daniel98@example.org,Suriname,East Nicholaston,2024-12-27
374,Stephanie,Murray,joannegates@example.net,Norfolk Island,New Cory,2025-03-13
375,Robert,Burch,alicia53@example.com,Ecuador,Lake Brandyville,2024-09-14
376,James,Moon,lboyd@example.net,Afghanistan,Fisherport,2025-09-21
377,Gregory,Gomez,uriley@example.com,Pitcairn Islands,South Travis,2026-06-10
378,David,Duncan,lawsonmichael@example.org,Angola,Amberberg,2024-09-10
379,Dillon,Martinez,fmeyer@example.com,Dominican Republic,South Davidmouth,2025-12-05
380,Nathan,Jacobs,ricardoshaw@example.com,Austria,Pottsborough,2025-03-29
381,Barry,Watson,santanatravis@example.com,Tanzania,Tabithaport,2025-03-31
382,Gary,Anderson,ksoto@example.com,Tuvalu,Schultzton,2025-02-18
383,Melissa,Hamilton,edelgado@example.com,Grenada,Port Kelsey,2025-08-20
384,Johnny,Jensen,pdavis@example.com,Tuvalu,Paulaview,2025-02-26
385,Gary,Cherry,sdiaz@example.com,Tunisia,Keithborough,2026-06-13
386,Oscar,Leach,vsmith@example.net,Italy,Maldonadomouth,2025-05-16
387,Scott,Joseph,greercourtney@example.com,Fiji,Christopherport,2025-10-20
388,Arthur,Nunez,twarren@example.com,Burkina Faso,West Mary,2026-06-27
389,Sarah,Macdonald,smeyers@example.com,Guam,South Jose,2025-05-22
390,Olivia,Campbell,smalljohn@example.net,Estonia,Jessicahaven,2025-04-16
391,Misty,Rocha,lindsey08@example.net,Bangladesh,Lake Allisonborough,2026-06-27
392,Jeremy,Snyder,tina50@example.com,Mauritius,West Gregorybury,2024-12-18
393,Joel,Murphy,collierkaitlyn@example.net,Solomon Islands,Jacobstad,2025-11-04
394,Robert,Martinez,denisebeard@example.com,Chad,North Crystal,2026-01-13
395,John,Garcia,austin97@example.net,Bolivia,North Heatherburgh,2025-08-01
396,Calvin,Lopez,deckerjohn@example.com,Estonia,West Kevin,2026-04-05
397,Gabriel,Hall,bridgesmichael@example.net,Guernsey,New Kristenshire,2026-05-12
398,Mark,Franklin,lisamendez@example.com,Bahamas,East Davidton,2024-11-21
399,Luke,Parker,kiarafletcher@example.net,El Salvador,Youngtown,2024-10-08
400,Kurt,Chavez,frank08@example.com,Cook Islands,Lake Stephenport,2026-04-21
401,Heather,Hodges,pbanks@example.net,Saint Barthelemy,New Ana,2024-07-06
402,Jessica,Poole,qgonzales@example.com,Christmas Island,Danielfurt,2025-12-07
403,Jennifer,Conner,mcleandiana@example.org,British Virgin Islands,Port Sarahhaven,2025-02-09
404,James,Lewis,john32@example.org,Turkmenistan,North Tiffanystad,2025-01-06
405,Angela,Miller,kkane@example.net,Mauritania,Lawrenceton,2024-09-19
406,Jean,Kaiser,carrie91@example.com,Poland,New Willie,2025-10-09
407,Kirk,Gibson,johnhaley@example.net,Bouvet Island (Bouvetoya),Gibsonport,2024-09-15
408,Martha,Brown,jeremy68@example.org,Saint Vincent and the Grenadines,Rodgersmouth,2025-02-17
409,Cheryl,Miller,tbenson@example.net,Belize,New Angelaside,2025-03-14
410,Maria,Luna,gpayne@example.com,Colombia,East Terry,2024-08-05
411,Diane,Taylor,cynthia38@example.org,Sri Lanka,North Frank,2024-12-25
412,Stacey,Hill,steve79@example.org,Australia,East Jessicamouth,2026-01-02
413,Chase,Holland,amandaherrera@example.org,United States Minor Outlying Islands,Port Christopher,2025-04-16
414,Tasha,Harris,jacqueline16@example.com,Andorra,Tylerton,2024-08-06
415,Taylor,Gray,martinezstephanie@example.org,British Indian Ocean Territory (Chagos Archipelago),Pennybury,2025-12-13
416,Jennifer,Miller,deanna15@example.com,Kenya,Kevinland,2025-05-27
417,Herbert,Jones,donnadiaz@example.com,French Polynesia,Port Samanthashire,2025-04-13
418,Ryan,White,brianaanderson@example.net,Mauritius,Cameronview,2024-10-18
419,Stephanie,Hanna,jennifermurphy@example.com,Burkina Faso,West Austinport,2025-08-27
420,Calvin,Weiss,gmann@example.com,Ukraine,Duncanmouth,2026-01-30
421,Candice,Whitney,stonealexandra@example.org,Uzbekistan,Murraytown,2026-03-17
422,Kelly,Crane,jamielong@example.net,Australia,Johnsonport,2024-12-13
423,Chad,Gross,cwilson@example.org,Denmark,East Elizabethmouth,2025-09-05
424,Tammie,Smith,danielleperry@example.net,Belgium,Codytown,2024-06-28
425,Sharon,Durham,scottcurtis@example.net,Zimbabwe,Richardview,2025-02-20
426,Michael,Lee,vcampbell@example.net,Sao Tome and Principe,Kellystad,2024-07-17
427,Katherine,Davis,todd50@example.net,Dominica,Westville,2024-10-02
428,Brent,Lewis,leah78@example.com,Iran,Karenshire,2025-07-10
429,Matthew,Warner,lauraford@example.org,Romania,Ramirezshire,2025-10-14
430,Sandra,Alexander,johnsnicholas@example.org,Czech Republic,Friedmanhaven,2024-10-01
431,Michael,Miller,brian33@example.net,Burkina Faso,New Jasonside,2025-01-11
432,William,Bennett,pgarcia@example.net,Papua New Guinea,Tracybury,2025-01-11
433,David,Chan,tammy68@example.com,Paraguay,Reedborough,2025-11-18
434,Denise,Martinez,pamelabrown@example.com,Bahrain,New Janetland,2025-12-30
435,Michele,Gilbert,tbates@example.com,Belarus,New Erikside,2026-01-10
436,Dennis,Kaufman,joseph93@example.com,Saint Pierre and Miquelon,West Andre,2024-09-26
437,Kara,Rodriguez,morganalexandra@example.net,New Zealand,North Amandaport,2026-05-21
438,Rhonda,Goodwin,dana75@example.org,Wallis and Futuna,South Yolanda,2025-11-03
439,Stephanie,Friedman,nelsonandrea@example.org,Rwanda,New Patrickstad,2025-08-24
440,Sherri,Johns,benjamin77@example.org,Monaco,New Alan,2025-05-10
441,Austin,Blanchard,andersonjames@example.org,Angola,North Robinfurt,2026-04-06
442,Stephanie,Chambers,obrientony@example.org,Saint Vincent and the Grenadines,East Kevinborough,2025-01-02
443,Andrew,Anderson,joelpearson@example.com,Uruguay,South Nicole,2025-08-13
444,Carmen,Dalton,oscarkelly@example.com,Vietnam,West Priscilla,2025-06-28
445,Allison,Alvarado,jtorres@example.com,Micronesia,West Kathleenshire,2026-03-07
446,Stephanie,Andrews,kbarnes@example.com,Liberia,Tamarahaven,2026-04-13
447,Larry,Ballard,jenniferanderson@example.org,Iraq,Robertmouth,2026-04-25
448,Margaret,Martin,wilsonscott@example.net,Saudi Arabia,East Austin,2024-12-01
449,Teresa,Norris,hharris@example.org,Sierra Leone,New Annaview,2025-06-14
450,Gregory,Freeman,xwhitney@example.com,Cameroon,Lopezfort,2026-01-25
451,Daniel,Nguyen,kurt03@example.org,Turkey,Heatherberg,2026-04-19
452,Jonathan,Perkins,paulbrown@example.org,Solomon Islands,Port Danielview,2025-07-31
453,Carlos,Herman,grossjoseph@example.net,Aruba,Rossborough,2026-03-16
454,Brian,Martinez,diane84@example.org,Iraq,West Jennifermouth,2026-01-12
455,Ian,Wallace,willisphilip@example.com,Costa Rica,Travisburgh,2026-03-11
456,Jacqueline,Ballard,angela01@example.com,Andorra,New Robert,2025-12-06
457,Miguel,Thomas,angelicagreen@example.net,Tanzania,Makaylamouth,2024-10-24
458,Jennifer,Allen,melissadougherty@example.com,Macao,Kariview,2025-02-07
459,Cindy,Chapman,sarah12@example.org,Chad,Lake Deannahaven,2025-09-23
460,Wendy,Pratt,ljohnson@example.org,Grenada,Michaelburgh,2025-01-31
461,Gloria,Shaw,zwest@example.net,Hungary,Dennisborough,2026-05-02
462,Daniel,Gutierrez,tchavez@example.net,Antarctica (the territory South of 60 deg S),New Jason,2026-05-06
463,Taylor,Diaz,bauermichelle@example.org,Paraguay,Rivasborough,2024-07-26
464,Sonya,Prince,craigmegan@example.com,Libyan Arab Jamahiriya,Jonathanfurt,2025-02-23
465,Mitchell,Cole,blevinsangela@example.com,Poland,Erintown,2026-04-14
466,Kendra,Lawrence,griffinralph@example.net,Sweden,New Courtneyview,2024-11-06
467,Jerry,Monroe,michael28@example.com,Gabon,Janehaven,2025-12-03
468,David,Campbell,markdavis@example.net,Vietnam,Jamesberg,2024-12-02
469,Lauren,Lopez,thompsondeanna@example.com,American Samoa,New Elizabethfort,2026-06-09
470,Brittany,Haley,griffinmichael@example.com,Dominica,Gonzalesfurt,2025-07-07
471,Devin,Reed,tranmorgan@example.org,Uruguay,Cunninghamberg,2026-03-09
472,Deborah,Medina,yquinn@example.com,Reunion,North Manuel,2025-02-09
473,Kayla,Reed,debracollins@example.com,Papua New Guinea,Johnsonview,2024-07-17
474,Ashley,Kelley,ymontgomery@example.com,Iceland,East Jennaburgh,2026-02-26
475,Austin,Bennett,mackenziechambers@example.net,Korea,East Reginaldchester,2026-02-22
476,Jennifer,Williams,hbaker@example.net,Kenya,West Craigborough,2024-09-16
477,Chelsea,Carlson,kvance@example.net,Greenland,West Kimberlyhaven,2024-11-24
478,Ashley,King,tylerkrueger@example.org,Tonga,Anatown,2025-10-26
479,Laura,Delacruz,whartman@example.net,Zimbabwe,Lake Nicholasberg,2024-09-23
480,Jennifer,Hart,usutton@example.org,Spain,Orozcoport,2024-09-26
481,Tina,Byrd,maxwelljoel@example.org,Ecuador,South Kendra,2025-07-14
482,Matthew,Welch,butleradam@example.net,Armenia,Mercedesstad,2025-10-03
483,Gina,Porter,kellygarrison@example.com,Gabon,Port Jason,2026-02-01
484,Anthony,Howard,desireepowers@example.net,Antigua and Barbuda,East Ashleyshire,2024-08-24
485,Christina,Hampton,danielle24@example.net,Indonesia,Sanchezville,2024-10-09
486,David,Parker,hickstammy@example.com,Christmas Island,East Maureen,2024-08-17
487,Stephen,Mcdonald,david39@example.org,Andorra,Keychester,2026-01-21
488,Michael,Brown,jillian25@example.com,Saudi Arabia,Carterview,2025-03-29
489,Gary,Chandler,jimmyreyes@example.org,Liberia,Lake Ralph,2025-04-13
490,Dawn,Richardson,wcalhoun@example.net,Netherlands Antilles,Port Raymondberg,2024-08-05
491,Rodney,Malone,jenniferpreston@example.net,Pitcairn Islands,Youngtown,2025-05-22
492,Kayla,Martin,timothy42@example.com,Guyana,Smithchester,2024-11-13
493,Chase,Moody,sarahmcguire@example.net,Kenya,Eduardofurt,2024-08-19
494,Corey,Lee,michaelmoore@example.com,Saint Barthelemy,Lopezside,2026-04-11
495,Rhonda,Hill,robinsoncolleen@example.net,Aruba,Swansonchester,2026-04-23
496,Katrina,Cook,laurasoto@example.org,United Kingdom,Rodriguezville,2024-08-31
497,Kathryn,Acevedo,lindabaldwin@example.org,Estonia,East Aaronfurt,2026-05-30
498,Jeremiah,Cantu,lrivera@example.com,Namibia,West Thomas,2025-01-13
499,Rachel,Johnson,matthewcohen@example.net,Mozambique,Ryanburgh,2025-12-29
500,Brittany,Jimenez,stevenalexander@example.org,Marshall Islands,New Markshire,2026-04-21
501,Michael,Garza,friedmanisaac@example.com,Costa Rica,East Daniel,2025-06-16
502,Sandra,Brady,michaelcabrera@example.net,Armenia,Jimenezbury,2025-07-11
503,Tracy,Hughes,zchen@example.com,Gabon,Port Shawn,2024-10-15
504,James,Hughes,lvelazquez@example.com,Botswana,East Wendybury,2025-02-17
505,Andre,David,mike44@example.org,Comoros,Gonzalestown,2025-04-05
506,Whitney,Perez,brownjerome@example.org,Tokelau,Jesseberg,2026-03-06
507,Scott,Baxter,michelle66@example.net,Cameroon,Juanhaven,2026-03-28
508,Nicole,Hodge,joycelove@example.net,Northern Mariana Islands,Adamsborough,2025-05-22
509,Heather,Powell,johnsonkaren@example.com,Russian Federation,Patrickberg,2025-08-07
510,Cody,Ayala,xwhite@example.org,Guatemala,Johnville,2024-10-24
511,Robert,Obrien,tcole@example.net,Taiwan,New Marioview,2026-01-14
512,Karen,Meadows,bradleyhill@example.org,Guernsey,New Desiree,2025-07-26
513,Derek,Ward,meaganwilson@example.com,Uruguay,Reedside,2025-07-06
514,John,Simpson,davidblack@example.com,Haiti,Port Gregory,2026-01-19
515,Melissa,Day,sarah08@example.com,South Georgia and the South Sandwich Islands,North Carolland,2025-09-02
516,Kathy,Greer,nlee@example.com,Germany,Alicechester,2025-05-15
517,William,Shaw,christopher17@example.com,Ethiopia,Brittanyport,2026-05-23
518,Christy,Sexton,edwardjames@example.org,Suriname,Herreraport,2024-09-27
519,Lindsay,Kirby,atkinsongabriel@example.net,United Arab Emirates,Christopherstad,2025-07-26
520,Debra,Gross,darren23@example.net,Andorra,East Debbieview,2026-03-09
521,Maria,Hall,arroyomichael@example.net,Nepal,Port Lindsayburgh,2026-03-27
522,Roberto,Hancock,psmith@example.org,Puerto Rico,North Ericashire,2025-07-15
523,Samantha,Hernandez,kylejohnson@example.com,Libyan Arab Jamahiriya,Lake Jessicaland,2025-11-07
524,Vincent,Johnson,wkoch@example.com,Tanzania,West Lesliebury,2025-05-07
525,John,Ross,pellis@example.com,Chile,East Gary,2025-10-12
526,Monica,Carpenter,rgross@example.net,Antarctica (the territory South of 60 deg S),Adamsmouth,2024-07-02
527,David,Smith,samueldavis@example.com,Bahamas,Bernardborough,2024-11-09
528,Robert,Williams,phahn@example.org,Dominica,Aprilberg,2025-10-08
529,Jennifer,Gonzalez,wardjeffrey@example.net,Suriname,Sydneyhaven,2025-05-22
530,Timothy,Morgan,amy61@example.net,Barbados,Lake Kristenville,2025-04-29
531,Emily,Johnson,wilkinsondanielle@example.net,Benin,New Tonyside,2025-09-30
532,Amanda,Johnson,joenavarro@example.net,Sudan,Alishastad,2026-05-14
533,Matthew,Jones,boydsteven@example.net,Equatorial Guinea,East Johnland,2024-09-01
534,Gregory,Brown,christopherfloyd@example.com,Antigua and Barbuda,East Dylan,2025-03-23
535,Patrick,Gibson,brooke65@example.org,Uzbekistan,East Sandra,2025-04-16
536,Michael,Johnson,alexanderrodriguez@example.org,Fiji,Lake Bailey,2024-12-14
537,Brittany,Newman,callahandouglas@example.org,Bolivia,West Leah,2025-07-30
538,Alexandria,Henderson,allison00@example.org,Mexico,Buchananmouth,2025-05-19
539,David,Sharp,ewaller@example.org,Central African Republic,Carterburgh,2025-12-18
540,Megan,Parker,ortegajonathan@example.org,Liechtenstein,West Jennifer,2024-09-12
541,Eric,Henry,showard@example.com,South Georgia and the South Sandwich Islands,Mariastad,2024-11-24
542,Alice,Clark,devin72@example.net,Cook Islands,South Christinastad,2025-01-24
543,Desiree,Davis,ifarrell@example.org,Cote d'Ivoire,East Sarah,2026-03-08
544,Corey,Stone,hhernandez@example.com,Andorra,New Ryan,2025-05-15
545,Danielle,Richardson,lisa60@example.com,Russian Federation,North Michaelborough,2026-06-17
546,George,Williams,kerrangel@example.org,Australia,Bennetthaven,2025-08-09
547,Derek,Jones,fbrown@example.net,United States Minor Outlying Islands,East Louishaven,2024-07-13
548,Donna,Meadows,smithcynthia@example.net,Moldova,Martinezburgh,2025-02-02
549,Anthony,Williams,kimberlylee@example.org,Hungary,Mendezside,2025-10-06
550,Larry,Munoz,timothy75@example.com,Andorra,Delgadochester,2025-12-28
551,Autumn,Brown,nicholas20@example.org,El Salvador,New Denise,2025-06-16
552,Reginald,Gentry,mary66@example.com,Nauru,Youngview,2025-10-02
553,Kimberly,Wilson,selena19@example.com,Zimbabwe,South Samuel,2025-12-22
554,Ashley,Baker,taylorjennifer@example.org,Uganda,Stephaniestad,2026-02-18
555,Daniel,Harris,stephanieturner@example.com,Colombia,Port Stevenview,2025-11-25
556,Erin,Norman,kevin93@example.com,Cocos (Keeling) Islands,New Stephanie,2026-06-14
557,Karen,Brown,ebriggs@example.com,Bahrain,North Michealside,2025-12-30
558,Erin,Miller,ryan62@example.org,Moldova,Chelseabury,2024-10-18
559,Mary,Gray,melissamueller@example.org,Uganda,East Anna,2026-06-22
560,Tyrone,Joseph,danielbennett@example.com,Netherlands,North Clifford,2024-07-20
561,Kelsey,Barron,jasmine94@example.net,Costa Rica,Stevenland,2025-08-14
562,Alexandria,Davidson,vernon21@example.net,Namibia,Larsenland,2025-08-14
563,Ryan,Bates,william76@example.com,Austria,Lake Kristin,2025-02-15
564,Misty,Garcia,sesparza@example.org,Cameroon,Port Ruthville,2024-09-07
565,Alicia,Ritter,ycarson@example.com,Angola,Brownside,2026-04-01
566,Shaun,Murphy,rjones@example.org,Bahrain,North Brendaville,2026-03-24
567,Susan,Waller,mariamack@example.org,Cuba,Amberborough,2025-01-17
568,Destiny,Williams,lunderwood@example.com,Georgia,Brandyport,2026-04-19
569,Sarah,Robinson,ypetty@example.org,Argentina,North Zacharymouth,2025-03-11
570,Lee,Wade,scotttran@example.com,Papua New Guinea,North Ashleyville,2025-06-15
571,Bonnie,James,garciasheila@example.org,Austria,East Joseph,2025-06-14
572,Brian,Mills,richardsonphillip@example.net,South Africa,Lake Rhondaborough,2025-11-09
573,John,Montgomery,kingrebecca@example.net,Antarctica (the territory South of 60 deg S),Ethanmouth,2025-12-04
574,Kimberly,Cook,amandareynolds@example.org,Chile,Wilsonbury,2025-08-09
575,Susan,Graves,nunezjesse@example.net,Bermuda,South Morgan,2025-01-06
576,Tammy,Wilson,joshua87@example.org,Russian Federation,West Shawn,2024-08-07
577,Timothy,Carter,williamslaura@example.com,Tokelau,Stokesland,2025-07-24
578,John,Salas,vvalenzuela@example.com,Angola,North Jessicastad,2024-09-22
579,Brenda,Jones,ballamy@example.org,Pakistan,New Jeffery,2024-08-19
580,Katherine,Fleming,gregory60@example.net,Singapore,East Kimberly,2024-12-21
581,Amanda,Norris,diana41@example.org,Slovakia (Slovak Republic),Aprilshire,2025-07-04
582,Andrew,Garcia,robert71@example.com,Sierra Leone,Josetown,2024-12-31
583,Debbie,Johnson,andreacameron@example.org,Guadeloupe,New Daniel,2026-05-06
584,Lauren,Odom,kathleen83@example.net,Belgium,Waltersstad,2026-06-02
585,Thomas,Aguilar,michaelrussell@example.com,Jersey,West Ana,2025-11-09
586,Sarah,Smith,kkent@example.com,Czech Republic,Richardmouth,2025-10-08
587,April,Moore,jessicabutler@example.org,Poland,Port Chelsea,2024-10-23
588,Mark,Rhodes,keithferrell@example.com,Finland,North Aaronview,2026-03-31
589,Kimberly,Thomas,darlene04@example.com,Yemen,Holmesstad,2025-12-13
590,Nathan,Dunn,thomasbobby@example.org,Hong Kong,East Kelly,2026-03-21
591,Brenda,Jones,jensenbrittany@example.org,Brazil,Danielmouth,2026-02-18
592,Teresa,Barry,sli@example.org,Niger,East Stephanie,2024-10-06
593,Anita,Campbell,michael49@example.net,Norfolk Island,Lake James,2024-10-18
594,Robert,Noble,ewingjeffrey@example.com,Qatar,Susanton,2024-10-30
595,Mia,Dickson,austinsteele@example.com,Belarus,Port Holly,2025-06-09
596,Garrett,Hodges,jasonmeyer@example.com,Colombia,Port Brent,2024-11-19
597,Brittany,Shepherd,cheyennehughes@example.org,Venezuela,East Paulborough,2026-02-02
598,Debra,Brown,pknox@example.com,Belarus,Travischester,2025-03-28
599,Joshua,Williams,douglaskathy@example.net,Kenya,West Marystad,2025-08-28
600,Alison,Martinez,randalltran@example.org,Cuba,Garyburgh,2025-03-21
601,Robert,Combs,thomas89@example.com,Mayotte,Heathermouth,2026-05-28
602,Juan,Copeland,turnermary@example.org,Peru,Danielston,2025-10-24
603,David,Soto,harperscott@example.org,Monaco,South Phillipchester,2025-03-13
604,Jared,Baker,ybaker@example.org,Lesotho,Sheriside,2025-04-10
605,Stephanie,Ballard,michellevalencia@example.net,Suriname,Amandaborough,2026-05-15
606,Vincent,Morris,rachelmiller@example.org,Faroe Islands,West Alicialand,2025-01-31
607,Kevin,Phillips,jessica45@example.org,Cook Islands,Jennastad,2025-11-19
608,Scott,Maldonado,mackenziemoore@example.net,Austria,Joemouth,2024-12-05
609,Margaret,Caldwell,bridgetnorris@example.net,Italy,North Meredithfurt,2024-12-14
610,Adam,Scott,nelsonjennifer@example.com,Philippines,Grahamstad,2024-10-02
611,Alexis,Hicks,hendrickseric@example.net,Netherlands Antilles,Cooperberg,2024-12-14
612,Heather,Andrews,kharrison@example.com,Guatemala,Port Danielland,2024-09-18
613,Joseph,Roberts,cheryl95@example.net,Belgium,Heathborough,2026-06-09
614,Jermaine,Proctor,vwatson@example.com,Cyprus,Lake Eric,2024-10-07
615,Stephanie,Jones,qcarter@example.net,Tonga,Tyroneborough,2026-03-25
616,Cassandra,Finley,kvilla@example.com,Angola,North Kristenstad,2025-11-07
617,Eric,Fritz,zacharycoleman@example.com,Mozambique,Lake Jamesmouth,2025-11-18
618,William,Elliott,anna10@example.com,Tuvalu,Collinsland,2024-07-01
619,Alexander,Carrillo,kgarcia@example.org,Oman,Lake Rodney,2026-04-02
620,Russell,Graves,rogerharrison@example.com,Central African Republic,Kristiberg,2025-05-17
621,Erik,Williams,theresa44@example.com,Iceland,Port Kyle,2025-12-08
622,Christopher,Harrison,gford@example.net,Serbia,Millerbury,2025-04-01
623,Tom,Calderon,harristheresa@example.org,United States Minor Outlying Islands,North Pamelaburgh,2026-04-14
624,Summer,Morgan,andrewberger@example.net,Gambia,North Craigfurt,2025-06-04
625,Robert,Kane,knightandrew@example.com,Azerbaijan,Fergusonshire,2025-12-11
626,Brian,Gibbs,igreen@example.org,Saint Lucia,Nicoleville,2025-09-19
627,Brandon,Johnson,bryantgerald@example.com,Saint Martin,Katherinestad,2025-07-10
628,Ricky,Maxwell,zmcpherson@example.org,Gabon,East Kevin,2024-07-16
629,Tyler,Hodge,paulortega@example.net,Greenland,West Scottland,2024-07-22
630,Sara,Johnson,gcooper@example.org,Marshall Islands,New Gabriel,2024-09-27
631,Kelly,Taylor,sandygarcia@example.net,Timor-Leste,East Christy,2025-08-03
632,Mathew,Kelly,emilybishop@example.org,Mauritania,South Bonnie,2025-08-12
633,Mary,Maldonado,mollydeleon@example.net,Syrian Arab Republic,Matthewhaven,2026-02-06
634,Anna,Thomas,joanneedwards@example.org,Cayman Islands,New Sandrastad,2026-03-23
635,David,Crawford,malonejon@example.net,Andorra,West Helen,2026-04-08
636,William,Cook,katie68@example.com,Pitcairn Islands,Tanyaport,2024-11-15
637,Dorothy,Myers,aaron07@example.com,Dominican Republic,Brittanyburgh,2024-07-02
638,Robert,Simon,paulholden@example.net,Taiwan,Simonborough,2024-09-18
639,Tony,Garcia,harrelldeanna@example.org,Uruguay,West Amanda,2025-08-18
640,David,Adams,diane39@example.com,Korea,Lake Kerry,2025-04-29
641,Todd,Osborn,rebeccathompson@example.org,Guinea-Bissau,East Adrian,2024-09-13
642,Maria,Payne,harrisfelicia@example.net,Togo,Johnsonborough,2026-04-26
643,Shannon,Young,christopher18@example.org,Korea,Lake Joseph,2026-01-20
644,Alison,Thomas,patelmichael@example.org,Netherlands,South Shannon,2025-11-16
645,Lori,Sullivan,edgarjarvis@example.com,Zambia,West Aaron,2025-05-17
646,Danielle,Orr,dennis25@example.com,Bolivia,North Russellfort,2024-11-03
647,Ernest,Brown,ian83@example.net,Myanmar,Jaredberg,2025-08-27
648,Joshua,Thomas,carlsonmark@example.net,Latvia,Amandafort,2025-02-05
649,Grant,Giles,mark21@example.net,China,Derekfort,2026-01-17
650,Tim,Ramos,kwright@example.net,Italy,North Curtisshire,2026-05-02
651,Diane,Davis,debbieallison@example.com,Falkland Islands (Malvinas),Millermouth,2024-12-01
652,Lisa,Chapman,lamjohn@example.org,Sudan,Ortegabury,2025-01-24
653,Kimberly,Silva,vdaniels@example.com,Andorra,South Sandra,2026-05-05
654,David,Erickson,pierceelizabeth@example.net,Gibraltar,North Jake,2026-03-30
655,Charles,Baker,anthonygeorge@example.org,Equatorial Guinea,West Meaganberg,2025-12-31
656,Brittany,Lester,keithjenkins@example.org,Slovakia (Slovak Republic),North Ianland,2026-06-25
657,Karen,Stanley,ashley22@example.net,Martinique,Bernardfort,2026-03-18
658,William,Sanchez,stephenscraig@example.org,Andorra,Scottberg,2025-07-05
659,Jenna,Foster,edwardroman@example.net,Monaco,Harristown,2024-12-18
660,Tyler,Alvarez,robertyoung@example.net,Svalbard & Jan Mayen Islands,North Daniel,2025-08-15
661,Theresa,Caldwell,pattonjeremy@example.net,Saint Helena,West Brett,2026-04-12
662,Samuel,Chen,richardflores@example.org,Sri Lanka,Loveside,2025-05-12
663,Paul,Griffin,laura37@example.net,Palau,Justinview,2025-01-10
664,Kimberly,Melendez,dbradley@example.com,Hungary,North Laura,2026-04-28
665,Debbie,Kerr,vrichards@example.net,Nicaragua,North Jenny,2024-08-28
666,Cynthia,Frank,juliebailey@example.net,Greenland,Lake Nicoleton,2025-04-15
667,Michelle,Johnson,lscott@example.net,Jersey,Williamsburgh,2025-12-25
668,Anthony,Mora,jennifer98@example.org,India,Johntown,2026-01-04
669,Rachel,Cunningham,ashleyadkins@example.net,Netherlands,Port Sherriborough,2025-12-10
670,Melissa,Brown,ygreen@example.com,Congo,North Roger,2026-06-27
671,Eric,Santiago,toddbrooke@example.org,Bulgaria,Perezchester,2024-10-13
672,Brianna,Kelly,tonyhall@example.com,Kuwait,South Joshua,2024-11-01
673,Brett,Yates,johnroberts@example.org,Timor-Leste,East Lisafurt,2025-11-14
674,Amanda,Hickman,stevepalmer@example.com,Solomon Islands,East Joshua,2025-05-26
675,Aaron,Clark,joshua10@example.com,India,Jasonport,2026-02-02
676,Crystal,Cox,slopez@example.net,United Kingdom,Matthewhaven,2025-07-13
677,Joshua,Martin,wendy30@example.com,Namibia,Philipburgh,2025-02-03
678,Scott,Craig,vhernandez@example.com,Belgium,Lisaview,2026-02-09
679,Hannah,Morrow,bvaldez@example.com,Sri Lanka,Taylormouth,2026-04-26
680,Nicholas,Perez,eric58@example.org,Latvia,New Samantha,2026-01-26
681,Sharon,Phillips,georgewalker@example.org,Greenland,South Benjaminmouth,2024-07-27
682,Mary,Erickson,ashley37@example.org,Algeria,Danielburgh,2025-10-08
683,Denise,Wilson,darren57@example.org,Ecuador,Marcmouth,2025-06-25
684,Jason,Castro,tranjennifer@example.net,India,Gonzalezburgh,2025-05-03
685,Heather,Henderson,xnelson@example.com,Mali,Jillville,2026-06-17
686,Michelle,Palmer,eric62@example.com,Azerbaijan,New Jeffrey,2026-06-10
687,Stacey,Kim,anthonyyoung@example.net,Guatemala,Alvarezberg,2025-12-28
688,Sharon,Hughes,larry98@example.net,Ireland,Andrewstad,2025-04-04
689,Joshua,Rodgers,pdelgado@example.net,Puerto Rico,Kingfurt,2026-02-24
690,Felicia,Diaz,hancockjeremy@example.com,Timor-Leste,North Anthonyberg,2025-12-09
691,John,Swanson,georgecase@example.com,Grenada,Lake Eugeneberg,2025-03-20
692,Gabriel,Ellis,pbrown@example.org,Mauritania,Port Mitchellfort,2025-06-24
693,Ashley,Parker,tony00@example.com,Philippines,Lake Jacobberg,2024-10-03
694,Gary,James,melissagarrett@example.net,Algeria,Colestad,2026-01-18
695,Christopher,Gardner,johnlee@example.com,Lesotho,West Donaldport,2025-07-16
696,Lisa,Sexton,becksteven@example.net,Gambia,Lake Patrick,2026-06-17
697,Kim,Yang,delgadobrian@example.net,Togo,Lake Michellechester,2026-01-28
698,Kevin,Preston,jamie33@example.com,Angola,Webstermouth,2025-12-03
699,Heather,Drake,kathy24@example.org,New Zealand,West Craigmouth,2024-11-27
700,Shelly,Bell,ofowler@example.net,Sweden,Pierceborough,2026-01-26
701,Anthony,Williams,allenramirez@example.net,Benin,Joneshaven,2025-08-29
702,John,Ferrell,michaelcastillo@example.net,Costa Rica,South Joelberg,2024-09-19
703,Michael,Gutierrez,rhonda95@example.net,Central African Republic,East Michaelstad,2025-07-12
704,Lauren,Moore,smithrobert@example.org,Lao People's Democratic Republic,South Travis,2025-06-22
705,David,King,billy93@example.net,Myanmar,East Stephanieburgh,2025-06-27
706,Carol,Deleon,ptanner@example.com,Portugal,Gonzalezborough,2025-11-02
707,Tony,Murphy,rasmussenjessica@example.org,Italy,Loganmouth,2024-08-09
708,Paula,Hall,psantos@example.org,Sao Tome and Principe,Greenechester,2024-09-11
709,Jennifer,Simpson,austin56@example.com,Malawi,Jeffreyfurt,2024-09-01
710,Sheila,Patel,joseph57@example.com,San Marino,East Kurt,2026-02-25
711,Nicole,Walton,john86@example.com,Cuba,Lake Rachael,2024-12-30
712,Walter,Montes,patrick64@example.net,Ukraine,South Connie,2024-12-06
713,Daniel,Allison,wupatrick@example.com,Cambodia,Omarmouth,2025-11-20
714,Ann,Morgan,daniel93@example.org,Madagascar,East Maryland,2025-05-13
715,Mark,Taylor,amandagallegos@example.net,Uganda,Richardborough,2024-10-14
716,Kimberly,Ruiz,danielmoore@example.net,Suriname,Lake Christineville,2025-07-31
717,Holly,Walker,newmannicole@example.org,French Polynesia,Lake Robinhaven,2025-11-05
718,Mary,Best,vancekevin@example.com,Sao Tome and Principe,Johnsonhaven,2025-06-24
719,Andrew,Ortega,riggsjames@example.net,Honduras,South Warren,2024-12-14
720,Christina,Paul,codygreen@example.net,Italy,Corymouth,2025-07-23
721,Selena,Campbell,berryfrank@example.org,Jamaica,North Eddie,2026-05-21
722,Ronald,Williams,samanthamoore@example.org,Colombia,Marcusland,2025-10-24
723,Monica,Reyes,xcontreras@example.com,French Polynesia,South Kennethville,2024-08-26
724,Michael,Frank,cowens@example.net,Mongolia,Jenniferville,2026-01-24
725,Amy,Day,nathandunn@example.com,Jersey,Janebury,2026-06-26
726,Jennifer,Brown,davidjackson@example.org,Norway,New Zachary,2026-03-17
727,Mark,Smith,wardbrenda@example.com,Hungary,Codyville,2024-09-27
728,Tara,Wilson,davidcarpenter@example.com,Belgium,Lake Vanessabury,2026-03-02
729,Barbara,Nicholson,victoriaglenn@example.net,Suriname,Shannonville,2026-05-28
730,Christopher,Rodriguez,msimpson@example.com,South Africa,South Gregoryside,2025-11-05
731,Dennis,Matthews,brent03@example.net,Moldova,Port Jennifer,2025-07-09
732,Rebecca,Bowen,andreagarrison@example.net,Seychelles,North Alexander,2025-12-25
733,Max,Blair,maxwellwayne@example.com,Aruba,Debraport,2024-09-02
734,Devin,Knight,benjaminmoore@example.net,New Caledonia,Jenniferbury,2025-02-03
735,Daniel,Gibbs,brandonfreeman@example.com,Uganda,West Darrellville,2024-11-05
736,Devin,Miller,williampatterson@example.net,Kiribati,East Curtis,2024-11-12
737,Melissa,Obrien,sandrarhodes@example.org,Niue,South Michael,2025-10-30
738,Marissa,Todd,gpham@example.org,Grenada,Ortizchester,2025-07-21
739,Charles,Castaneda,lisahumphrey@example.net,Gambia,Jamesville,2026-03-16
740,Daniel,Hernandez,fthomas@example.org,Haiti,South Sandra,2026-05-31
741,Matthew,Harrison,gbailey@example.net,Northern Mariana Islands,South Katie,2025-03-06
742,Roberto,Rodriguez,johnsonjulie@example.org,Brunei Darussalam,East Kathleenmouth,2024-12-22
743,Shelly,Black,mccoysonya@example.net,Luxembourg,Simpsonborough,2026-06-03
744,Brian,Osborn,renee61@example.com,Portugal,New Tanyatown,2025-02-18
745,Kenneth,Williams,sjordan@example.org,Cook Islands,Lake Marioton,2024-07-18
746,Derrick,Cruz,alvaradodaniel@example.com,Germany,West Justinburgh,2025-09-08
747,Maria,Snyder,tamarahunter@example.org,Uruguay,Danielmouth,2025-04-26
748,William,Smith,matthewacosta@example.org,Belize,Simpsontown,2024-07-06
749,Julia,Perez,walkerdakota@example.net,Morocco,Robinsonfurt,2025-11-11
750,Leslie,Johnson,christopherwright@example.com,Mauritius,South April,2024-12-21
751,Alicia,Thompson,kiddwayne@example.org,Georgia,Port Brianstad,2024-08-05
752,Pamela,Anderson,hmartinez@example.com,United Kingdom,East Belinda,2025-02-05
753,Larry,Chapman,goodandrea@example.com,Gibraltar,North Holly,2025-11-28
754,Amanda,Miller,qbryan@example.org,Montserrat,South Adam,2026-03-09
755,Valerie,Wood,lford@example.net,Holy See (Vatican City State),Brownmouth,2024-12-23
756,Lisa,Bradley,mark54@example.net,Japan,Brownberg,2025-10-12
757,Kathleen,Reynolds,egeorge@example.com,Algeria,Kathleenshire,2025-04-07
758,Shane,Brown,michael80@example.org,Philippines,West Matthewhaven,2025-10-05
759,Dustin,Brown,xwarner@example.net,Panama,New Robert,2025-08-13
760,Melissa,Graham,tammywoods@example.net,Tunisia,Port Veronicachester,2024-12-29
761,Nicole,Mosley,darlene17@example.org,Malta,Justinshire,2025-03-24
762,Julia,Johnson,johnathan69@example.com,Sudan,Jonesview,2024-07-22
763,Marcia,Hoffman,alanalvarez@example.com,Philippines,Hughesfurt,2024-07-27
764,Madison,Medina,bonniegrimes@example.org,India,New Stephanieshire,2025-02-01
765,Michael,Cooper,jasminenichols@example.net,Serbia,Mckenzieshire,2024-11-08
766,Jessica,Jones,veronica88@example.com,United Arab Emirates,Port Linda,2024-09-16
767,Leslie,Fields,emoore@example.org,Saint Vincent and the Grenadines,South Tanyaport,2024-09-17
768,Shawn,Wilson,lwelch@example.com,Togo,Port Edward,2025-01-14
769,Amanda,Hernandez,edwardjackson@example.com,Marshall Islands,North Abigail,2025-03-23
770,Susan,Marshall,brittanypowers@example.org,Algeria,New Elizabethtown,2026-06-27
771,Nancy,King,mollyatkins@example.com,Lao People's Democratic Republic,Stephenland,2024-07-10
772,Gregory,Rivera,scottvictoria@example.org,Zimbabwe,Johnburgh,2024-09-05
773,Mary,Jones,grichardson@example.org,British Virgin Islands,Avilaport,2025-12-31
774,Joshua,Dennis,stevencollier@example.com,Tanzania,Lake Tiffany,2025-10-03
775,Sandra,Taylor,brownandrew@example.com,Tuvalu,Harrisview,2026-01-01
776,Lori,Coleman,stephaniegaines@example.com,South Africa,Espinozamouth,2026-04-24
777,David,Dunn,calderonjoshua@example.com,Mongolia,New Wesleyport,2024-08-15
778,Kelsey,Frost,lisastewart@example.org,Bulgaria,Joneshaven,2024-11-10
779,Matthew,Thompson,morganalexandra@example.org,Niue,Salaston,2024-07-12
780,Greg,Bass,elizabeth72@example.net,Puerto Rico,Hayesshire,2026-05-13
781,John,Rodgers,vmitchell@example.net,Haiti,East Sherry,2026-04-25
782,Tyler,Martin,karenklein@example.net,Ethiopia,Nicholsside,2025-07-24
783,Veronica,Mathis,drew75@example.com,French Guiana,Brianhaven,2024-08-14
784,Kenneth,Ellis,ogrant@example.org,Timor-Leste,West Cory,2025-08-10
785,Phillip,Waters,james44@example.org,Gabon,West Susanview,2025-05-09
786,Phillip,Bullock,elizabeth37@example.org,Samoa,Kramerfurt,2025-10-27
787,Randy,Miller,jeremybrooks@example.org,Latvia,North Stephanie,2024-11-03
788,Evan,Chen,kelly58@example.com,Guernsey,Paulton,2026-01-20
789,Stefanie,Lane,katherine04@example.com,Lebanon,Williamsonside,2024-11-28
790,Jennifer,Hardy,adambeck@example.com,Libyan Arab Jamahiriya,Danielburgh,2026-01-18
791,Tyler,Sanchez,christinayoung@example.com,United States of America,Ramirezfurt,2025-11-08
792,Jacob,Collins,peterstimothy@example.org,Bangladesh,Port Adam,2024-09-14
793,Elizabeth,Smith,sarah54@example.net,Chad,Smithland,2025-07-13
794,Cynthia,Ramirez,glee@example.net,Dominica,Lake Patrick,2024-11-24
795,Timothy,Leach,qnelson@example.com,Cyprus,Port Annberg,2026-05-11
796,Jason,Clark,victoriapham@example.net,Christmas Island,North Jonathanburgh,2026-03-07
797,Bryan,Munoz,patriciaperez@example.com,Suriname,Lake Michaelmouth,2024-08-14
798,Brittany,Hamilton,brandi87@example.org,Northern Mariana Islands,Churchhaven,2024-08-02
799,Sean,Grant,ericross@example.com,Angola,New Codyton,2024-07-01
800,Pamela,Young,mark33@example.org,Slovenia,Foleyberg,2024-12-17
801,David,Stone,abernard@example.net,Saint Helena,Port Justinland,2024-10-06
802,Anthony,Collins,lallen@example.net,Wallis and Futuna,Port Melanieborough,2025-11-11
803,Tamara,Norman,frank51@example.net,Suriname,Lake Natasha,2025-01-01
804,Teresa,Dudley,cweaver@example.com,Macao,New Joseph,2026-01-20
805,David,Wilson,kathy83@example.net,Botswana,Heatherfort,2025-06-12
806,Tonya,Maxwell,dsalinas@example.net,Belgium,Michelleview,2024-12-16
807,Heather,Hoover,haystyler@example.com,Vanuatu,Sydneymouth,2025-01-28
808,Jessica,Murphy,michelle58@example.org,Sweden,New Nicholasville,2025-09-07
809,Lisa,Ramirez,scalhoun@example.net,Guyana,South Jamesland,2025-07-21
810,Steven,Snyder,fosterbrian@example.com,Georgia,Bryanfort,2025-04-28
811,Karen,Perkins,elizabethcollins@example.com,Svalbard & Jan Mayen Islands,Jeffreyfurt,2025-09-30
812,Matthew,Bryant,molinastefanie@example.org,Botswana,New Sarah,2026-02-23
813,Terrance,Mccoy,umendez@example.org,Cape Verde,Lake Alyssastad,2025-12-30
814,Christopher,Hatfield,lthompson@example.com,Bahamas,Contrerastown,2024-12-05
815,Brenda,Gomez,nancy58@example.org,Iraq,North Brandon,2025-10-05
816,Tammy,Rios,cruzmatthew@example.org,Togo,South Carriemouth,2025-02-11
817,Jessica,Wright,collinscynthia@example.net,Afghanistan,Lunaton,2024-07-16
818,Jeffrey,Brooks,sabrinaharris@example.com,Saint Pierre and Miquelon,Erikaborough,2025-09-16
819,Matthew,Morgan,mooreanna@example.net,Djibouti,Port Gregview,2026-04-28
820,Chad,Brown,perkinshector@example.org,China,Port Christopher,2026-03-30
821,Bryan,Hoffman,jessicaenglish@example.net,Samoa,Bruceburgh,2026-04-01
822,Stacey,Miller,carpenterkristi@example.com,Mauritania,Boydstad,2024-07-27
823,Jacob,Johnson,barnettbenjamin@example.org,United States of America,Milesbury,2025-04-06
824,Karen,Butler,ramosronald@example.net,Bolivia,South Shannonville,2025-09-07
825,Melissa,Fisher,adamsbrian@example.com,Papua New Guinea,East Brandon,2025-09-13
826,Adam,Campbell,stephensmith@example.net,San Marino,New Jose,2025-01-20
827,Albert,Walker,ronnie67@example.org,Dominican Republic,Lisaberg,2026-03-27
828,Amanda,Davenport,lauren49@example.org,Antigua and Barbuda,Butlerfurt,2025-07-31
829,James,Moss,ssmith@example.net,Saint Barthelemy,North Christianbury,2026-01-16
830,Alexis,Orozco,alyssa15@example.org,Romania,North Candaceshire,2025-01-01
831,Danielle,Watson,nicholas54@example.com,United States of America,Danielville,2024-11-10
832,Mary,Rodriguez,burnsmichael@example.org,Eritrea,Marialand,2026-04-01
833,Matthew,Hensley,stanleythomas@example.net,Taiwan,Lewisberg,2025-09-12
834,Stephanie,Kirby,irwindave@example.org,Korea,Sethshire,2025-06-30
835,Austin,Liu,danielleonard@example.org,Reunion,West Sarah,2025-09-12
836,Evelyn,Cook,morganmichael@example.org,Rwanda,Port Jeremy,2025-05-07
837,Charles,Robinson,hollymorales@example.org,Germany,West Kenneth,2025-06-27
838,Luis,Torres,tmoses@example.net,Spain,East Keithchester,2024-12-13
839,Jerry,Turner,jlopez@example.com,Montserrat,Richardside,2025-09-22
840,Morgan,Moyer,morganjensen@example.com,Kiribati,Port Michaelborough,2026-06-24
841,Eric,Hartman,hwalker@example.net,Palestinian Territory,Jennyberg,2026-05-03
842,Cheryl,Cuevas,glasszachary@example.org,Bahrain,West Cassie,2025-10-10
843,Joshua,Fuentes,lisa67@example.org,Tanzania,Karenbury,2025-02-28
844,Thomas,Stewart,leonardsandra@example.com,Micronesia,Port Jennifer,2025-11-28
845,John,Clark,jorgeboyd@example.com,Iran,Beverlybury,2026-06-26
846,Brian,Briggs,garyzavala@example.com,Tonga,Nathanhaven,2025-10-20
847,Ryan,Davidson,marshallerica@example.net,Seychelles,Ballardville,2025-09-16
848,Aaron,Wilson,loliver@example.net,Mauritania,Matthewfort,2025-01-14
849,Taylor,Webb,kelli85@example.org,Trinidad and Tobago,Lindabury,2026-03-14
850,Mark,Thomas,charlesrodriguez@example.org,Korea,Courtneyville,2025-09-06
851,Kelly,Case,courtney06@example.org,Philippines,Strongton,2025-07-29
852,Lorraine,Murphy,steven42@example.net,Palau,North Laurenville,2025-09-18
853,Jennifer,Brown,scottbrandon@example.net,Mayotte,New Lorimouth,2026-01-16
854,Daniel,Freeman,dixonelizabeth@example.com,Christmas Island,North Kevinchester,2024-08-19
855,Timothy,Delacruz,tmason@example.org,Saint Kitts and Nevis,New Leah,2025-02-28
856,Melanie,Murray,veronicahuang@example.net,Svalbard & Jan Mayen Islands,West Christinemouth,2025-05-09
857,Anna,Fletcher,hernandezlarry@example.org,Mauritania,Stevenstown,2025-02-19
858,Natalie,Conner,hollylogan@example.net,Tokelau,Curtisfurt,2024-12-05
859,Kathleen,Reynolds,pbrown@example.com,Jersey,Millerport,2025-03-16
860,Shaun,Harrison,curryjane@example.net,French Southern Territories,South Desiree,2025-12-13
861,Steven,Fleming,lindominic@example.org,American Samoa,Pricechester,2024-09-05
862,Jennifer,Johnson,ashley18@example.com,British Virgin Islands,Kellyfurt,2026-06-03
863,Amanda,Mcbride,sarahmartin@example.com,Trinidad and Tobago,North Valerieville,2025-05-28
864,Patricia,Lopez,wukelly@example.net,Israel,Williamview,2026-04-16
865,Travis,Shaffer,iarias@example.org,Guinea,North Paulburgh,2025-01-17
866,Russell,Parsons,jenkinsrickey@example.net,Israel,West Saraburgh,2024-11-02
867,Susan,Phillips,coreypruitt@example.org,Saint Helena,North Susanbury,2025-10-14
868,Andre,Galloway,jenniferstanton@example.net,Sierra Leone,Kennethbury,2025-12-18
869,Mark,Baldwin,shelleyodonnell@example.com,Montenegro,South Joseph,2026-02-09
870,Charles,Owens,morrisjeffrey@example.com,Pakistan,Murrayberg,2025-11-17
871,Jason,Barnes,zperez@example.net,Jersey,West Angelaton,2025-04-24
872,Katie,Contreras,xramos@example.org,Macao,New Laurastad,2024-07-14
873,Sandra,Thomas,colleen80@example.com,Christmas Island,Buchananview,2024-06-30
874,Deborah,Wyatt,webbmonica@example.net,Mauritius,Ramosborough,2025-07-27
875,Lisa,Jordan,burnettjessica@example.org,Palau,Butlerview,2024-07-23
876,Brittany,Warner,robinjackson@example.org,San Marino,Chapmanton,2025-01-12
877,Joann,George,kemprobert@example.net,Gibraltar,Port Kathleenton,2025-02-02
878,Jennifer,Johnson,tammy81@example.org,Cape Verde,New Johnhaven,2025-12-01
879,Rhonda,Howard,harristimothy@example.org,Myanmar,Greenchester,2025-09-03
880,Joshua,Wood,darlenewilson@example.org,Cameroon,East Brendashire,2026-03-21
881,Kimberly,Mejia,potternathaniel@example.org,Germany,Taylorfurt,2025-08-23
882,Carlos,Landry,darrellowens@example.com,Jordan,North Laura,2026-06-27
883,Steve,Padilla,econway@example.com,Liberia,South Christian,2024-10-12
884,Sandra,Garrett,merrittkristi@example.org,Mali,East Donaldland,2024-07-04
885,Robert,Fox,alison20@example.org,Cook Islands,Collinsmouth,2026-02-05
886,Mackenzie,Bird,clayton63@example.com,Nicaragua,South Steve,2024-07-18
887,David,Rubio,johnsonkristen@example.org,Guatemala,Lake Parker,2024-10-20
888,Christopher,Nelson,logan43@example.net,Macao,Matthewmouth,2025-11-16
889,Tommy,Bridges,barbara88@example.net,Switzerland,Johnsonchester,2025-10-20
890,Tina,Hunt,jparker@example.com,Czech Republic,Port John,2024-12-09
891,Mitchell,Holt,tpowell@example.com,Afghanistan,Port Felicia,2026-06-11
892,David,Kelley,vbest@example.com,Bosnia and Herzegovina,Port Kristinatown,2025-05-08
893,Elizabeth,Ibarra,jefferyhaynes@example.com,Nauru,Danielbury,2024-07-27
894,Barbara,Rodriguez,sawyerannette@example.com,Cocos (Keeling) Islands,West Abigailshire,2025-08-14
895,Jeffery,Reynolds,nlee@example.net,Malta,New Brendashire,2026-02-11
896,Thomas,Johnson,sburke@example.net,Bahrain,Wallsburgh,2025-09-09
897,David,Estrada,briggsmichael@example.org,American Samoa,West Kayla,2024-09-03
898,Steven,Espinoza,chamilton@example.com,Switzerland,Moniqueborough,2025-02-06
899,Monica,Parker,tanya33@example.com,Congo,Changhaven,2025-09-24
900,Benjamin,Cunningham,ulong@example.com,Montenegro,Adrianton,2025-05-24
901,Brandon,Mayer,taylormurray@example.net,Belgium,Lake Matthewstad,2024-11-08
902,Deborah,David,mooreholly@example.com,Dominican Republic,South Christy,2026-03-17
903,Holly,Brown,hartangela@example.org,Angola,Jessicaport,2024-09-05
904,Tanya,Perkins,jcastillo@example.net,New Zealand,West Jessicaside,2025-02-24
905,Danielle,Short,john17@example.net,Seychelles,Johnhaven,2026-06-22
906,Cheryl,Henson,katherine24@example.com,Czech Republic,Charleneside,2026-04-17
907,Katrina,Love,yvetteperez@example.org,Burkina Faso,North Matthewmouth,2026-06-20
908,William,Singh,zamorasheryl@example.com,Chad,New Kimberly,2024-09-21
909,Brenda,Irwin,madison78@example.org,Holy See (Vatican City State),Donnamouth,2025-08-28
910,Katherine,Smith,shortjerry@example.com,Saint Pierre and Miquelon,East Brandonton,2025-07-17
911,Kristi,Arnold,jonathanevans@example.com,Saint Vincent and the Grenadines,West Rebekah,2024-10-03
912,Michael,Brown,cameronlisa@example.net,Cote d'Ivoire,South Tamara,2024-10-24
913,Jake,Sharp,udillon@example.org,Iran,East James,2025-04-17
914,Heather,Love,gregory46@example.net,Vanuatu,New Randyfort,2025-10-24
915,Jessica,Hampton,smallalex@example.org,United States Minor Outlying Islands,South Williambury,2024-12-13
916,Matthew,Patel,brendan42@example.com,British Virgin Islands,Port Danielshire,2025-02-17
917,John,Griffith,kbarnes@example.net,Christmas Island,West Dannyville,2025-12-12
918,Kelly,Jackson,benjamin16@example.net,South Africa,West Nathanberg,2026-02-18
919,Nicole,Jones,gloriasmith@example.com,Costa Rica,West Hunter,2026-05-09
920,Timothy,Ford,vdavis@example.org,Guernsey,Weaverville,2024-08-29
921,Stacy,Austin,bruce38@example.net,Estonia,Rossville,2024-11-01
922,Joel,Brennan,elizabethwilcox@example.net,Philippines,Rossburgh,2024-11-19
923,Zachary,Williams,amandaharrison@example.net,Poland,East Katherine,2025-06-28
924,Garrett,Arias,dnorton@example.net,Andorra,Danamouth,2026-05-20
925,Luke,Graham,andrew28@example.net,Mayotte,South Brandonchester,2024-10-19
926,Melissa,Cannon,mooremichael@example.org,Liechtenstein,Woodfort,2026-02-27
927,Keith,Castro,ffranklin@example.org,Mongolia,North Larryton,2024-07-10
928,Marcus,Garrison,mariarogers@example.com,Peru,West Timothy,2025-09-23
929,Antonio,Wilson,rodney36@example.org,Madagascar,Lake Stacystad,2026-04-27
930,Susan,Garcia,geraldgarcia@example.net,Dominica,Lake Janetberg,2024-12-21
931,Denise,Miles,heatherhorton@example.net,Grenada,Micheleburgh,2025-03-02
932,Wanda,Anderson,lauren91@example.net,Guatemala,Jenkinsland,2026-04-30
933,Alexa,Jackson,sarahbernard@example.org,Hungary,Andersontown,2026-03-24
934,Donald,Nicholson,michelle58@example.net,Congo,South Jessica,2024-11-14
935,Angela,Terry,kristie79@example.org,Taiwan,Lake Antoniofort,2025-09-26
936,Sandra,Miles,charlesmcintyre@example.com,Oman,Mcgeeville,2026-04-29
937,Heather,Powers,christopher33@example.org,Jersey,Staceymouth,2025-11-29
938,Katherine,Mathis,lauren69@example.net,Seychelles,North Michelleberg,2026-02-13
939,Betty,Vaughn,huntjean@example.net,Guinea-Bissau,Port Marilyn,2024-08-03
940,Kimberly,Washington,nelsonglenn@example.com,British Indian Ocean Territory (Chagos Archipelago),New Brian,2025-06-21
941,Harry,Cooke,owatkins@example.com,Sao Tome and Principe,Jessicaville,2026-04-07
942,Calvin,Whitney,harriscrystal@example.net,Marshall Islands,East Joseland,2024-09-27
943,Roy,Jackson,joseph53@example.org,Kuwait,West John,2026-01-11
944,Christina,Robinson,howellmartha@example.com,Albania,East Michelleville,2025-07-07
945,Amy,Greene,hintonjesse@example.org,French Polynesia,Sharonland,2026-02-10
946,Robert,Parker,shawntodd@example.org,Antarctica (the territory South of 60 deg S),West Nicholasburgh,2026-05-26
947,Amanda,Navarro,thomasjennifer@example.org,Azerbaijan,Lake Jeremiah,2025-03-03
948,Derek,Costa,williamsraymond@example.org,Armenia,Kevinborough,2025-09-05
949,Timothy,Mitchell,wstout@example.com,Korea,New Kevin,2024-10-19
950,Tony,Carter,mark40@example.org,Canada,Oscarview,2025-01-22
951,Tina,Price,monica93@example.com,Suriname,Donnaberg,2024-07-17
952,Olivia,Walker,zedwards@example.com,British Virgin Islands,Lake Andrew,2024-12-11
953,Anthony,Adams,lindahill@example.org,Bulgaria,Port Rachaelmouth,2025-08-06
954,Riley,Burgess,emurray@example.net,American Samoa,Blairstad,2025-08-23
955,Charles,Mueller,robert60@example.org,Chile,New Lisamouth,2026-05-11
956,Jennifer,Vaughn,marksjason@example.org,Andorra,Lake Edward,2025-04-04
957,Miranda,Hoffman,wwhitaker@example.com,Belize,South Brad,2024-08-23
958,Linda,Savage,kristimerritt@example.org,Peru,Kayleeland,2025-10-12
959,Catherine,Rose,bellmonica@example.com,Malawi,West Joseph,2025-10-31
960,Dorothy,Wang,dadams@example.com,Argentina,Davidville,2025-01-23
961,Juan,Torres,graycody@example.com,Benin,East Jason,2024-12-01
962,Ashley,Mathis,pclay@example.net,Cape Verde,West James,2026-06-01
963,Debbie,Aguilar,eadkins@example.com,Cocos (Keeling) Islands,Leeview,2026-02-09
964,Zachary,Clay,laurenandersen@example.net,Niue,Port Laurie,2026-03-22
965,Shane,Wheeler,christopherberry@example.com,Sao Tome and Principe,Traceyville,2025-01-17
966,Jacqueline,Robinson,toni76@example.com,Czech Republic,North Vanessamouth,2024-09-17
967,Denise,Martinez,jonesanthony@example.com,Burkina Faso,West Patricia,2026-02-09
968,Julie,Andrews,troy11@example.net,Bermuda,Barnesbury,2026-05-23
969,Ricky,Garcia,sara89@example.net,Panama,Port Amanda,2025-01-02
970,Elizabeth,Stokes,edwardssandra@example.net,Argentina,Aaronborough,2026-01-18
971,Renee,Hicks,vmeza@example.net,North Macedonia,Jenniferside,2025-11-25
972,Scott,Garcia,treed@example.net,Cuba,Walkermouth,2025-05-05
973,Patrick,Lee,james68@example.org,Afghanistan,South Katieton,2024-12-24
974,Alisha,Gonzalez,leroy42@example.net,Andorra,North Jessicahaven,2025-09-05
975,Alison,Manning,kathy58@example.org,Trinidad and Tobago,Parkerside,2025-06-08
976,Ryan,Knox,michael43@example.com,Isle of Man,Garciaside,2024-10-14
977,Kayla,Munoz,martinknight@example.net,United Arab Emirates,Lake Patrick,2024-11-02
978,Jennifer,Butler,william89@example.org,Chad,Patrickchester,2024-09-24
979,Sarah,Fernandez,paulcox@example.net,Croatia,Jamesville,2025-12-14
980,Melissa,Strong,danieladams@example.com,Malawi,Johnsonview,2024-12-02
981,Jorge,Wheeler,bradley58@example.net,Lao People's Democratic Republic,Lake Elizabeth,2025-04-29
982,Kevin,Thompson,mjones@example.com,Cambodia,Carolburgh,2026-04-19
983,Nathan,Cortez,terry63@example.net,Qatar,Lake Brianna,2025-07-25
984,Jennifer,Ward,caldwellmatthew@example.com,Guinea,West Lindaberg,2025-04-29
985,Jennifer,Smith,wshah@example.net,Lesotho,Port Donna,2025-09-19
986,Raymond,Nelson,williamsevan@example.com,Burundi,Port Victor,2025-02-19
987,Allison,Lambert,alicia72@example.com,Ghana,Lewistown,2025-03-13
988,Benjamin,Mosley,odouglas@example.com,Chile,West Alexandratown,2025-08-12
989,Kimberly,Hall,hamiltondavid@example.net,Cape Verde,New Terrencechester,2025-12-14
990,Kim,Robinson,melissa58@example.com,Hong Kong,Lake Rhondashire,2025-12-01
991,David,Foster,stevebarry@example.org,Ethiopia,Caldwellbury,2024-08-18
992,Emily,Davis,canderson@example.net,Angola,West Natalie,2024-07-06
993,Jacob,Marshall,robert76@example.com,Turkmenistan,East Patriciaberg,2026-04-16
994,Nancy,Lopez,xperkins@example.org,Montenegro,North Charlesmouth,2025-08-17
995,Tiffany,Gutierrez,taylornicholas@example.net,Liechtenstein,South Stephen,2025-04-08
996,Angela,Reyes,larsondawn@example.com,Norfolk Island,Nicholasfort,2025-04-22
997,Juan,Reeves,mariajackson@example.org,Pakistan,Jonathanhaven,2026-03-22
998,Christine,Hubbard,bondanne@example.com,Mozambique,Fullerberg,2026-03-21
999,Nicholas,Barr,terrysteven@example.org,Iceland,Nicoleland,2025-11-20
1000,Nicholas,Deleon,burnskristen@example.com,Uzbekistan,West Cindy,2025-12-08
